Date,USDAUD
5/3/2009,1.3767
5/4/2009,1.3696
5/5/2009,1.3536
5/6/2009,1.3481
5/7/2009,1.3481
5/8/2009,1.3258
5/9/2009,1.3142
5/10/2009,1.3142
5/11/2009,1.3011
5/12/2009,1.3129
5/13/2009,1.3026
5/14/2009,1.3266
5/15/2009,1.3182
5/16/2009,1.3152
5/17/2009,1.3152
5/18/2009,1.3351
5/19/2009,1.3074
5/20/2009,1.2919
5/21/2009,1.2888
5/22/2009,1.2845
5/23/2009,1.2845
5/24/2009,1.2845
5/25/2009,1.2746
5/26/2009,1.2785
5/27/2009,1.2749
5/28/2009,1.2719
5/29/2009,1.281
5/30/2009,1.281
5/31/2009,1.281
6/1/2009,1.2411
6/2/2009,1.233
6/3/2009,1.2188
6/4/2009,1.2478
6/5/2009,1.2532
6/6/2009,1.2532
6/7/2009,1.2532
6/8/2009,1.2533
6/9/2009,1.2624
6/10/2009,1.2489
6/11/2009,1.2433
6/12/2009,1.2189
6/13/2009,1.2189
6/14/2009,1.2189
6/15/2009,1.2296
6/16/2009,1.2636
6/17/2009,1.2551
6/18/2009,1.2445
6/19/2009,1.233
6/20/2009,1.233
6/21/2009,1.233
6/22/2009,1.2492
6/23/2009,1.2752
6/24/2009,1.2587
6/25/2009,1.2541
6/26/2009,1.2538
6/27/2009,1.2416
6/28/2009,1.2538
6/29/2009,1.2401
6/30/2009,1.2398
7/1/2009,1.2398
7/2/2009,1.2436
7/3/2009,1.2516
7/4/2009,1.2516
7/5/2009,1.2516
7/6/2009,1.2603
7/7/2009,1.2603
7/8/2009,1.2662
7/9/2009,1.2902
7/10/2009,1.2735
7/11/2009,1.2835
7/12/2009,1.2902
7/13/2009,1.2845
7/14/2009,1.2802
7/15/2009,1.2704
7/16/2009,1.2479
7/17/2009,1.2462
7/18/2009,1.2455
7/19/2009,1.2485
7/20/2009,1.245
7/21/2009,1.229
7/22/2009,1.2333
7/23/2009,1.2211
7/24/2009,1.2241
7/25/2009,1.2219
7/26/2009,1.2255
7/27/2009,1.2255
7/28/2009,1.2169
7/29/2009,1.2129
7/30/2009,1.2273
7/31/2009,1.2086
8/1/2009,1.1994
8/2/2009,1.1971
8/3/2009,1.1972
8/4/2009,1.1888
8/5/2009,1.1896
8/6/2009,1.1891
8/7/2009,1.1926
8/8/2009,1.1933
8/9/2009,1.196
8/10/2009,1.1922
8/11/2009,1.1997
8/12/2009,1.205
8/13/2009,1.1993
8/14/2009,1.1887
8/15/2009,1.2072
8/16/2009,1.2018
8/17/2009,1.2018
8/18/2009,1.2135
8/19/2009,1.2133
8/20/2009,1.204
8/21/2009,1.2031
8/22/2009,1.2002
8/23/2009,1.1979
8/24/2009,1.1979
8/25/2009,1.193
8/26/2009,1.1967
8/27/2009,1.2097
8/28/2009,1.195
8/29/2009,1.1884
8/30/2009,1.1877
8/31/2009,1.1869
9/1/2009,1.1874
9/2/2009,1.2084
9/3/2009,1.1962
9/4/2009,1.1908
9/5/2009,1.1741
9/6/2009,1.1787
9/7/2009,1.1743
9/8/2009,1.1677
9/9/2009,1.1581
9/10/2009,1.1594
9/11/2009,1.1575
9/12/2009,1.1576
9/13/2009,1.159
9/14/2009,1.1593
9/15/2009,1.164
9/16/2009,1.1579
9/17/2009,1.145
9/18/2009,1.1481
9/19/2009,1.1513
9/20/2009,1.1535
9/21/2009,1.1535
9/22/2009,1.1585
9/23/2009,1.1458
9/24/2009,1.1421
9/25/2009,1.1574
9/26/2009,1.1572
9/27/2009,1.155
9/28/2009,1.155
9/29/2009,1.146
9/30/2009,1.1453
10/1/2009,1.1317
10/2/2009,1.1466
10/3/2009,1.152
10/4/2009,1.1552
10/5/2009,1.1552
10/6/2009,1.1395
10/7/2009,1.1228
10/8/2009,1.1258
10/9/2009,1.101
10/10/2009,1.1092
10/11/2009,1.1072
10/12/2009,1.1072
10/13/2009,1.1031
10/14/2009,1.1031
10/15/2009,1.0958
10/16/2009,1.0884
10/17/2009,1.0917
10/18/2009,1.0919
10/19/2009,1.0919
10/20/2009,1.0785
10/21/2009,1.0864
10/22/2009,1.0763
10/23/2009,1.0827
10/24/2009,1.0809
10/25/2009,1.0846
10/26/2009,1.0846
10/27/2009,1.0884
10/28/2009,1.0927
10/29/2009,1.115
10/30/2009,1.092
10/31/2009,1.1093
11/1/2009,1.1102
11/2/2009,1.1102
11/3/2009,1.1006
11/4/2009,1.1139
11/5/2009,1.1001
11/6/2009,1.1003
11/7/2009,1.0897
11/8/2009,1.089
11/9/2009,1.089
11/10/2009,1.0762
11/11/2009,1.0773
11/12/2009,1.0782
11/13/2009,1.0816
11/14/2009,1.0738
11/15/2009,1.0711
11/16/2009,1.0711
11/17/2009,1.0672
11/18/2009,1.0801
11/19/2009,1.0751
11/20/2009,1.0914
11/21/2009,1.092
11/22/2009,1.0926
11/23/2009,1.0926
11/24/2009,1.0817
11/25/2009,1.0907
11/26/2009,1.0779
11/27/2009,1.0973
11/28/2009,1.1007
11/29/2009,1.1018
11/30/2009,1.1018
12/1/2009,1.0944
12/2/2009,1.0816
12/3/2009,1.08
12/4/2009,1.0787
12/5/2009,1.0933
12/6/2009,1.0931
12/7/2009,1.0925
12/8/2009,1.0955
12/9/2009,1.1016
12/10/2009,1.102
12/11/2009,1.0908
12/12/2009,1.0969
12/13/2009,1.0978
12/14/2009,1.0978
12/15/2009,1.0929
12/16/2009,1.103
12/17/2009,1.1096
12/18/2009,1.1294
12/19/2009,1.1287
12/20/2009,1.1229
12/21/2009,1.1229
12/22/2009,1.1323
12/23/2009,1.1397
12/24/2009,1.1351
12/25/2009,1.1331
12/26/2009,1.1306
12/27/2009,1.1306
12/28/2009,1.1306
12/29/2009,1.1268
12/30/2009,1.1164
12/31/2009,1.1181
1/1/2010,1.1134
1/2/2010,1.1137
1/3/2010,1.1137
1/4/2010,1.1137
1/5/2010,1.0958
1/6/2010,1.0962
1/7/2010,1.0879
1/8/2010,1.0909
1/9/2010,1.0858
1/10/2010,1.0817
1/11/2010,1.0817
1/12/2010,1.0759
1/13/2010,1.0821
1/14/2010,1.0858
1/15/2010,1.0751
1/16/2010,1.083
1/17/2010,1.0836
1/18/2010,1.084
1/19/2010,1.0787
1/20/2010,1.0833
1/21/2010,1.101
1/22/2010,1.105
1/23/2010,1.105
1/24/2010,1.1056
1/25/2010,1.1102
1/26/2010,1.1062
1/27/2010,1.11
1/28/2010,1.1153
1/29/2010,1.1155
1/30/2010,1.1257
1/31/2010,1.1315
2/1/2010,1.1315
2/2/2010,1.1265
2/3/2010,1.1311
2/4/2010,1.134
2/5/2010,1.1552
2/6/2010,1.1606
2/7/2010,1.1606
2/8/2010,1.1606
2/9/2010,1.1494
2/10/2010,1.1402
2/11/2010,1.145
2/12/2010,1.1249
2/13/2010,1.1315
2/14/2010,1.1273
2/15/2010,1.1273
2/16/2010,1.1241
2/17/2010,1.112
2/18/2010,1.1117
2/19/2010,1.115
2/20/2010,1.119
2/21/2010,1.1171
2/22/2010,1.1171
2/23/2010,1.1121
2/24/2010,1.1181
2/25/2010,1.1186
2/26/2010,1.1353
2/27/2010,1.1164
2/28/2010,1.1159
3/1/2010,1.1159
3/2/2010,1.1112
3/3/2010,1.1062
3/4/2010,1.1022
3/5/2010,1.1117
3/6/2010,1.1026
3/7/2010,1.1033
3/8/2010,1.1033
3/9/2010,1.101
3/10/2010,1.0955
3/11/2010,1.0915
3/12/2010,1.0932
3/13/2010,1.0923
3/14/2010,1.0933
3/15/2010,1.093
3/16/2010,1.097
3/17/2010,1.093
3/18/2010,1.0835
3/19/2010,1.0867
3/20/2010,1.0915
3/21/2010,1.0915
3/22/2010,1.0912
3/23/2010,1.0906
3/24/2010,1.09
3/25/2010,1.0991
3/26/2010,1.0955
3/27/2010,1.1084
3/28/2010,1.109
3/29/2010,1.109
3/30/2010,1.093
3/31/2010,1.0884
4/1/2010,1.0894
4/2/2010,1.0864
4/3/2010,1.0884
4/4/2010,1.088
4/5/2010,1.088
4/6/2010,1.0866
4/7/2010,1.0806
4/8/2010,1.0762
4/9/2010,1.0776
4/10/2010,1.073
4/11/2010,1.0715
4/12/2010,1.0715
4/13/2010,1.077
4/14/2010,1.0772
4/15/2010,1.07
4/16/2010,1.0723
4/17/2010,1.0823
4/18/2010,1.0811
4/19/2010,1.0811
4/20/2010,1.0869
4/21/2010,1.0751
4/22/2010,1.077
4/23/2010,1.0784
4/24/2010,1.0815
4/25/2010,1.078
4/26/2010,1.078
4/27/2010,1.0797
4/28/2010,1.0879
4/29/2010,1.0837
4/30/2010,1.0778
5/1/2010,1.0791
5/2/2010,1.0744
5/3/2010,1.0744
5/4/2010,1.0801
5/5/2010,1.0977
5/6/2010,1.101
5/7/2010,1.1223
5/8/2010,1.1241
5/9/2010,1.1241
5/10/2010,1.1153
5/11/2010,1.1107
5/12/2010,1.1104
5/13/2010,1.1207
5/14/2010,1.1114
5/15/2010,1.1283
5/16/2010,1.1289
5/17/2010,1.1254
5/18/2010,1.1492
5/19/2010,1.1516
5/20/2010,1.1822
5/21/2010,1.2233
5/22/2010,1.2077
5/23/2010,1.2014
5/24/2010,1.2052
5/25/2010,1.2018
5/26/2010,1.229
5/27/2010,1.2017
5/28/2010,1.1782
5/29/2010,1.1841
5/30/2010,1.1805
5/31/2010,1.1778
6/1/2010,1.1841
6/2/2010,1.1889
6/3/2010,1.199
6/4/2010,1.1923
6/5/2010,1.212
6/6/2010,1.2081
6/7/2010,1.2081
6/8/2010,1.2236
6/9/2010,1.2192
6/10/2010,1.2029
6/11/2010,1.1786
6/12/2010,1.1803
6/13/2010,1.1757
6/14/2010,1.1774
6/15/2010,1.1623
6/16/2010,1.1593
6/17/2010,1.1557
6/18/2010,1.1545
6/19/2010,1.1498
6/20/2010,1.1493
6/21/2010,1.1463
6/22/2010,1.1384
6/23/2010,1.1387
6/24/2010,1.1456
6/25/2010,1.1477
6/26/2010,1.1445
6/27/2010,1.144
6/28/2010,1.143
6/29/2010,1.1465
6/30/2010,1.1749
7/1/2010,1.181
7/2/2010,1.1871
7/3/2010,1.1879
7/4/2010,1.1858
7/5/2010,1.1858
7/6/2010,1.1923
7/7/2010,1.1765
7/8/2010,1.1567
7/9/2010,1.1456
7/10/2010,1.1423
7/11/2010,1.1392
7/12/2010,1.1392
7/13/2010,1.1433
7/14/2010,1.1365
7/15/2010,1.1332
7/16/2010,1.1355
7/17/2010,1.1512
7/18/2010,1.1489
7/19/2010,1.1489
7/20/2010,1.151
7/21/2010,1.133
7/22/2010,1.1311
7/23/2010,1.1199
7/24/2010,1.1179
7/25/2010,1.1186
7/26/2010,1.1169
7/27/2010,1.1079
7/28/2010,1.11
7/29/2010,1.119
7/30/2010,1.11
7/31/2010,1.1073
8/1/2010,1.1049
8/2/2010,1.1046
8/3/2010,1.0973
8/4/2010,1.0943
8/5/2010,1.0926
8/6/2010,1.0937
8/7/2010,1.0921
8/8/2010,1.0913
8/9/2010,1.0884
8/10/2010,1.0917
8/11/2010,1.1007
8/12/2010,1.1121
8/13/2010,1.1179
8/14/2010,1.1156
8/15/2010,1.1198
8/16/2010,1.117
8/17/2010,1.1134
8/18/2010,1.102
8/19/2010,1.1096
8/20/2010,1.1214
8/21/2010,1.1226
8/22/2010,1.1181
8/23/2010,1.1266
8/24/2010,1.1235
8/25/2010,1.1309
8/26/2010,1.1351
8/27/2010,1.1269
8/28/2010,1.1145
8/29/2010,1.1123
8/30/2010,1.1138
8/31/2010,1.1189
9/1/2010,1.1231
9/2/2010,1.101
9/3/2010,1.1003
9/4/2010,1.0918
9/5/2010,1.0921
9/6/2010,1.091
9/7/2010,1.0904
9/8/2010,1.0949
9/9/2010,1.0897
9/10/2010,1.0827
9/11/2010,1.0804
9/12/2010,1.0802
9/13/2010,1.0802
9/14/2010,1.0701
9/15/2010,1.06
9/16/2010,1.0641
9/17/2010,1.0707
9/18/2010,1.0655
9/19/2010,1.0662
9/20/2010,1.0662
9/21/2010,1.0553
9/22/2010,1.056
9/23/2010,1.0488
9/24/2010,1.0489
9/25/2010,1.0442
9/26/2010,1.0425
9/27/2010,1.0435
9/28/2010,1.0381
9/29/2010,1.033
9/30/2010,1.031
10/1/2010,1.0366
10/2/2010,1.0295
10/3/2010,1.0277
10/4/2010,1.029
10/5/2010,1.0347
10/6/2010,1.0322
10/7/2010,1.0237
10/8/2010,1.0204
10/9/2010,1.0153
10/10/2010,1.014
10/11/2010,1.014
10/12/2010,1.0153
10/13/2010,1.016
10/14/2010,1.0079
10/15/2010,1.0072
10/16/2010,1.0096
10/17/2010,1.0122
10/18/2010,1.0122
10/19/2010,1.0091
10/20/2010,1.0274
10/21/2010,1.0141
10/22/2010,1.0212
10/23/2010,1.021
10/24/2010,1.0174
10/25/2010,1.0221
10/26/2010,1.0088
10/27/2010,1.015
10/28/2010,1.0324
10/29/2010,1.0229
10/30/2010,1.019
10/31/2010,1.0162
11/1/2010,1.0206
11/2/2010,1.0145
11/3/2010,1.001
11/4/2010,1.0037
11/5/2010,0.9865
11/6/2010,0.985
11/7/2010,0.9845
11/8/2010,0.9845
11/9/2010,0.9878
11/10/2010,0.9872
11/11/2010,0.9972
11/12/2010,1.0033
11/13/2010,1.0101
11/14/2010,1.016
11/15/2010,1.016
11/16/2010,1.01
11/17/2010,1.026
11/18/2010,1.0185
11/19/2010,1.0112
11/20/2010,1.0156
11/21/2010,1.0145
11/22/2010,1.0135
11/23/2010,1.0138
11/24/2010,1.0284
11/25/2010,1.0185
11/26/2010,1.0194
11/27/2010,1.038
11/28/2010,1.038
11/29/2010,1.037
11/30/2010,1.0432
12/1/2010,1.0417
12/2/2010,1.0241
12/3/2010,1.0232
12/4/2010,1.0124
12/5/2010,1.0123
12/6/2010,1.007
12/7/2010,1.013
12/8/2010,1.0115
12/9/2010,1.0225
12/10/2010,1.0179
12/11/2010,1.0156
12/12/2010,1.0147
12/13/2010,1.015
12/14/2010,1.0061
12/15/2010,1.0008
12/16/2010,1.0084
12/17/2010,1.0143
12/18/2010,1.015
12/19/2010,1.015
12/20/2010,1.0116
12/21/2010,1.007
12/22/2010,1.0025
12/23/2010,1
12/24/2010,0.9953
12/25/2010,0.9956
12/26/2010,0.9945
12/27/2010,0.9951
12/28/2010,0.9978
12/29/2010,0.989
12/30/2010,0.9846
12/31/2010,0.9877
1/1/2011,0.9769
1/2/2011,0.9773
1/3/2011,0.9773
1/4/2011,0.9804
1/5/2011,0.995
1/6/2011,0.9999
1/7/2011,1.0046
1/8/2011,1.0048
1/9/2011,1.0031
1/10/2011,1.0042
1/11/2011,1.0082
1/12/2011,1.0124
1/13/2011,1.0067
1/14/2011,1.0006
1/15/2011,1.0115
1/16/2011,1.011
1/17/2011,1.0116
1/18/2011,1.005
1/19/2011,1.0021
1/20/2011,0.9972
1/21/2011,1.0139
1/22/2011,1.0115
1/23/2011,1.0111
1/24/2011,1.0092
1/25/2011,1
1/26/2011,1.0105
1/27/2011,1.0052
1/28/2011,1.0103
1/29/2011,1.008
1/30/2011,1.008
1/31/2011,1.005
2/1/2011,1.003
2/2/2011,0.9878
2/3/2011,0.9932
2/4/2011,0.9868
2/5/2011,0.9864
2/6/2011,0.9865
2/7/2011,0.9865
2/8/2011,0.9863
2/9/2011,0.9829
2/10/2011,0.9903
2/11/2011,0.994
2/12/2011,1.0002
2/13/2011,0.9975
2/14/2011,0.9975
2/15/2011,0.998
2/16/2011,1.0013
2/17/2011,1.0021
2/18/2011,0.9888
2/19/2011,0.9866
2/20/2011,0.9859
2/21/2011,0.9853
2/22/2011,0.9925
2/23/2011,1.001
2/24/2011,0.9997
2/25/2011,0.9914
2/26/2011,0.985
2/27/2011,0.985
2/28/2011,0.9819
3/1/2011,0.9832
3/2/2011,0.9837
3/3/2011,0.9839
3/4/2011,0.9869
3/5/2011,0.9886
3/6/2011,0.9857
3/7/2011,0.9891
3/8/2011,0.9891
3/9/2011,0.99
3/10/2011,0.9896
3/11/2011,0.999
3/14/2011,0.9857
3/15/2011,0.9921
3/16/2011,1.0092
3/17/2011,1.015
3/18/2011,1.0183
3/19/2011,1.005
3/20/2011,1.005
3/21/2011,1.005
3/22/2011,0.9952
3/23/2011,0.9896
3/24/2011,0.9876
3/25/2011,0.9797
3/26/2011,0.9797
3/27/2011,0.9797
3/28/2011,0.9797
3/29/2011,0.9726
3/30/2011,0.9751
3/31/2011,0.9678
4/1/2011,0.9654
4/2/2011,0.9637
4/3/2011,0.9634
4/4/2011,0.9628
4/5/2011,0.9669
4/6/2011,0.9669
4/7/2011,0.9587
4/8/2011,0.9584
4/9/2011,0.9483
4/10/2011,0.9465
4/11/2011,0.9465
4/12/2011,0.9507
4/13/2011,0.9546
4/14/2011,0.953
4/15/2011,0.9494
4/16/2011,0.9462
4/17/2011,0.9459
4/18/2011,0.9469
4/19/2011,0.9518
4/20/2011,0.9499
4/21/2011,0.9374
4/22/2011,0.9302
4/23/2011,0.9312
4/24/2011,0.9309
4/25/2011,0.9305
4/26/2011,0.9334
4/27/2011,0.9285
4/28/2011,0.9226
4/29/2011,0.9176
4/30/2011,0.9125
5/1/2011,0.9145
5/2/2011,0.9116
5/3/2011,0.9122
5/4/2011,0.92
5/5/2011,0.9285
5/6/2011,0.9416
5/7/2011,0.9325
5/8/2011,0.9291
5/9/2011,0.9351
5/10/2011,0.9285
5/11/2011,0.9261
5/12/2011,0.9361
5/13/2011,0.9361
5/14/2011,0.9464
5/15/2011,0.9453
5/16/2011,0.9468
5/17/2011,0.9428
5/18/2011,0.9452
5/19/2011,0.942
5/20/2011,0.939
5/21/2011,0.9342
5/22/2011,0.9393
5/23/2011,0.938
5/24/2011,0.9514
5/25/2011,0.9483
5/26/2011,0.951
5/27/2011,0.9422
5/28/2011,0.9351
5/29/2011,0.9335
5/30/2011,0.9335
5/31/2011,0.9359
6/1/2011,0.9377
6/2/2011,0.9367
6/3/2011,0.9377
6/4/2011,0.9295
6/5/2011,0.933
6/6/2011,0.9336
6/7/2011,0.9332
6/8/2011,0.9324
6/9/2011,0.9411
6/10/2011,0.9403
6/11/2011,0.9488
6/12/2011,0.9466
6/13/2011,0.949
6/14/2011,0.9465
6/15/2011,0.9342
6/16/2011,0.9473
6/17/2011,0.9497
6/18/2011,0.9438
6/19/2011,0.9418
6/20/2011,0.9404
6/21/2011,0.9455
6/22/2011,0.9452
6/23/2011,0.941
6/24/2011,0.9543
6/25/2011,0.9504
6/26/2011,0.9504
6/27/2011,0.9523
6/28/2011,0.9589
6/29/2011,0.9512
6/30/2011,0.938
7/1/2011,0.9333
7/2/2011,0.9281
7/3/2011,0.9299
7/4/2011,0.9277
7/5/2011,0.9318
7/6/2011,0.9336
7/7/2011,0.9363
7/8/2011,0.9282
7/9/2011,0.9319
7/10/2011,0.9296
7/11/2011,0.9323
7/12/2011,0.9382
7/13/2011,0.9426
7/14/2011,0.9296
7/15/2011,0.9319
7/16/2011,0.9395
7/17/2011,0.9385
7/18/2011,0.9385
7/19/2011,0.944
7/20/2011,0.932
7/21/2011,0.9308
7/22/2011,0.9226
7/23/2011,0.9214
7/24/2011,0.9213
7/25/2011,0.922
7/26/2011,0.9204
7/27/2011,0.912
7/28/2011,0.907
7/29/2011,0.9077
7/30/2011,0.9094
7/31/2011,0.9091
8/1/2011,0.9093
8/2/2011,0.9133
8/3/2011,0.926
8/4/2011,0.9303
8/5/2011,0.9502
8/6/2011,0.9516
8/7/2011,0.9634
8/8/2011,0.9634
8/9/2011,0.9694
8/10/2011,0.9859
8/11/2011,0.9744
8/12/2011,0.9748
8/13/2011,0.9655
8/14/2011,0.9661
8/15/2011,0.9661
8/16/2011,0.9533
8/17/2011,0.9554
8/18/2011,0.9491
8/19/2011,0.9668
8/20/2011,0.9602
8/21/2011,0.9577
8/22/2011,0.9577
8/23/2011,0.9595
8/24/2011,0.954
8/25/2011,0.956
8/26/2011,0.9579
8/27/2011,0.9457
8/28/2011,0.9459
8/29/2011,0.9453
8/30/2011,0.9415
8/31/2011,0.9372
9/1/2011,0.9357
9/2/2011,0.9311
9/3/2011,0.9384
9/4/2011,0.9382
9/5/2011,0.9382
9/6/2011,0.9481
9/7/2011,0.9507
9/8/2011,0.9411
9/9/2011,0.9437
9/10/2011,0.956
9/11/2011,0.9517
9/12/2011,0.9545
9/13/2011,0.9727
9/14/2011,0.9673
9/15/2011,0.9755
9/16/2011,0.9683
9/17/2011,0.9648
9/18/2011,0.965
9/19/2011,0.965
9/20/2011,0.9812
9/21/2011,0.9722
9/22/2011,0.9777
9/23/2011,1.0257
9/24/2011,1.0189
9/25/2011,1.0221
9/26/2011,1.0221
9/27/2011,1.028
9/28/2011,1.0025
9/29/2011,1.0183
9/30/2011,1.0265
10/1/2011,1.0282
10/2/2011,1.0341
10/3/2011,1.0346
10/4/2011,1.0404
10/5/2011,1.0552
10/6/2011,1.0421
10/7/2011,1.0307
10/8/2011,1.025
10/9/2011,1.0217
10/10/2011,1.0161
10/11/2011,1
10/12/2011,1.0049
10/13/2011,0.9813
10/14/2011,0.986
10/15/2011,0.9712
10/16/2011,0.9713
10/17/2011,0.9665
10/18/2011,0.9781
10/19/2011,0.9769
10/20/2011,0.9722
10/21/2011,0.9777
10/22/2011,0.9678
10/23/2011,0.9681
10/24/2011,0.964
10/25/2011,0.957
10/26/2011,0.9572
10/27/2011,0.9665
10/28/2011,0.9343
10/29/2011,0.9338
10/30/2011,0.933
10/31/2011,0.9339
11/1/2011,0.9447
11/2/2011,0.9685
11/3/2011,0.9687
11/4/2011,0.9636
11/5/2011,0.9668
11/6/2011,0.9664
11/7/2011,0.9642
11/8/2011,0.9676
11/9/2011,0.9679
11/10/2011,0.9796
11/11/2011,0.9864
11/12/2011,0.972
11/13/2011,0.9731
11/14/2011,0.9716
11/15/2011,0.9815
11/16/2011,0.9865
11/17/2011,0.9865
11/18/2011,0.9946
11/19/2011,0.9966
11/20/2011,0.9968
11/21/2011,0.9986
11/22/2011,1.0167
11/23/2011,1.0173
11/24/2011,1.0322
11/25/2011,1.0274
11/26/2011,1.0274
11/29/2011,1.008
11/30/2011,0.9984
12/1/2011,0.976
12/2/2011,0.9781
12/3/2011,0.9786
12/4/2011,0.9793
12/5/2011,0.9785
12/6/2011,0.9709
12/7/2011,0.979
12/8/2011,0.9743
12/9/2011,0.9817
12/10/2011,0.9815
12/11/2011,0.9812
12/12/2011,0.9783
12/13/2011,0.9942
12/14/2011,0.9908
12/15/2011,1.0092
12/16/2011,1.0055
12/17/2011,1.0025
12/20/2011,1.0086
12/21/2011,0.9931
12/22/2011,0.9936
12/23/2011,0.9861
12/24/2011,0.9853
12/25/2011,0.9853
12/26/2011,0.9858
12/27/2011,0.9842
12/28/2011,0.9846
12/29/2011,0.9908
12/30/2011,0.9893
12/31/2011,0.9753
1/1/2012,0.9797
1/2/2012,0.9797
1/3/2012,0.9784
1/4/2012,0.9639
1/5/2012,0.9665
1/6/2012,0.975
1/7/2012,0.9771
1/8/2012,0.977
1/9/2012,0.9771
1/10/2012,0.9788
1/11/2012,0.9684
1/12/2012,0.9713
1/13/2012,0.97
1/14/2012,0.9713
1/15/2012,0.9715
1/16/2012,0.9692
1/17/2012,0.9702
1/18/2012,0.962
1/19/2012,0.9623
1/20/2012,0.9602
1/21/2012,0.9557
1/22/2012,0.955
1/23/2012,0.9539
1/24/2012,0.9492
1/25/2012,0.9552
1/26/2012,0.9546
1/27/2012,0.9389
1/28/2012,0.9396
1/29/2012,0.9392
1/30/2012,0.9378
1/31/2012,0.9448
2/1/2012,0.944
2/2/2012,0.9319
2/3/2012,0.9333
2/4/2012,0.9288
2/5/2012,0.9292
2/6/2012,0.9283
2/7/2012,0.9317
2/8/2012,0.9263
2/9/2012,0.9272
2/10/2012,0.9255
2/11/2012,0.937
2/12/2012,0.9364
2/13/2012,0.9369
2/14/2012,0.9308
2/15/2012,0.9352
2/16/2012,0.9311
2/17/2012,0.9306
2/18/2012,0.9352
2/19/2012,0.9341
2/20/2012,0.9331
2/21/2012,0.9294
2/22/2012,0.9352
2/23/2012,0.9412
2/24/2012,0.9358
2/25/2012,0.934
2/26/2012,0.935
2/27/2012,0.9351
2/28/2012,0.9291
2/29/2012,0.9291
3/1/2012,0.9277
3/2/2012,0.9257
3/3/2012,0.9311
3/4/2012,0.9317
3/5/2012,0.9317
3/6/2012,0.937
3/7/2012,0.9485
3/8/2012,0.9449
3/9/2012,0.9422
3/10/2012,0.9443
3/11/2012,0.9474
3/12/2012,0.9453
3/13/2012,0.9539
3/14/2012,0.9492
3/15/2012,0.9561
3/16/2012,0.9481
3/17/2012,0.9443
3/18/2012,0.9439
3/19/2012,0.9438
3/20/2012,0.9428
3/21/2012,0.9538
3/22/2012,0.9574
3/23/2012,0.963
3/24/2012,0.9569
3/25/2012,0.9557
3/26/2012,0.9555
3/27/2012,0.9512
3/28/2012,0.9536
3/29/2012,0.9645
3/30/2012,0.9672
3/31/2012,0.9634
4/1/2012,0.9663
4/2/2012,0.9665
4/3/2012,0.9586
4/4/2012,0.9644
4/5/2012,0.9747
4/6/2012,0.9707
4/7/2012,0.9698
4/8/2012,0.971
4/9/2012,0.971
4/10/2012,0.969
4/11/2012,0.9738
4/12/2012,0.9696
4/13/2012,0.9581
4/14/2012,0.964
4/15/2012,0.9641
4/16/2012,0.9637
4/17/2012,0.9642
4/18/2012,0.9609
4/19/2012,0.966
4/20/2012,0.9683
4/21/2012,0.964
4/25/2012,0.9723
4/26/2012,0.9672
4/27/2012,0.9629
4/28/2012,0.955
4/29/2012,0.9561
4/30/2012,0.9551
5/1/2012,0.96
5/2/2012,0.9675
5/3/2012,0.9695
5/4/2012,0.976
5/5/2012,0.9817
5/7/2012,0.9823
5/8/2012,0.9793
5/9/2012,0.9877
5/10/2012,0.9918
5/11/2012,0.9892
5/12/2012,0.9961
5/13/2012,0.998
5/14/2012,0.9976
5/15/2012,1.0011
5/16/2012,1.0042
5/17/2012,1.0084
5/18/2012,1.0058
5/19/2012,1.0183
5/20/2012,1.0159
5/21/2012,1.0159
5/22/2012,1.0133
5/23/2012,1.0158
5/24/2012,1.0281
5/25/2012,1.0284
5/26/2012,1.0227
5/28/2012,1.0242
5/29/2012,1.0157
5/30/2012,1.0181
5/31/2012,1.0275
6/1/2012,1.0276
6/2/2012,1.0334
6/3/2012,1.0303
6/4/2012,1.0309
6/5/2012,1.03
6/6/2012,1.028
6/7/2012,1.0096
6/8/2012,1.0067
6/9/2012,1.0115
6/10/2012,1.0074
6/11/2012,1.0083
6/12/2012,1.0092
6/13/2012,1.0073
6/14/2012,1.0016
6/15/2012,1.0023
6/16/2012,0.9941
6/17/2012,0.9916
6/18/2012,0.9916
6/19/2012,0.9885
6/20/2012,0.981
6/21/2012,0.9812
6/22/2012,0.9944
6/23/2012,0.9937
6/24/2012,0.9936
6/25/2012,0.9934
6/26/2012,1.0009
6/27/2012,0.9943
6/28/2012,0.9932
6/29/2012,0.9994
6/30/2012,0.9763
7/1/2012,0.9767
7/2/2012,0.9764
7/3/2012,0.9763
7/4/2012,0.9724
7/5/2012,0.9729
7/6/2012,0.9714
7/7/2012,0.9812
7/8/2012,0.9793
7/9/2012,0.979
7/10/2012,0.9806
7/11/2012,0.9792
7/12/2012,0.9747
7/13/2012,0.9866
7/14/2012,0.978
7/15/2012,0.9779
7/16/2012,0.9773
7/17/2012,0.9769
7/18/2012,0.9707
7/19/2012,0.9656
7/20/2012,0.9599
7/21/2012,0.9646
7/22/2012,0.9634
7/23/2012,0.9634
7/24/2012,0.974
7/25/2012,0.9778
7/26/2012,0.9692
7/27/2012,0.9622
7/28/2012,0.9554
7/29/2012,0.9536
7/30/2012,0.954
7/31/2012,0.9533
8/1/2012,0.9507
8/2/2012,0.9501
8/3/2012,0.957
8/4/2012,0.9477
8/5/2012,0.9463
8/6/2012,0.9463
8/7/2012,0.9455
8/8/2012,0.9468
8/9/2012,0.9465
8/10/2012,0.9461
8/11/2012,0.9466
8/12/2012,0.9455
8/13/2012,0.9457
8/14/2012,0.9516
8/15/2012,0.9526
8/16/2012,0.9523
8/17/2012,0.9508
8/18/2012,0.9592
8/19/2012,0.9595
8/20/2012,0.9595
8/21/2012,0.957
8/22/2012,0.9536
8/23/2012,0.9582
8/24/2012,0.9573
8/25/2012,0.9599
8/26/2012,0.9612
8/27/2012,0.9607
8/28/2012,0.9632
8/29/2012,0.9638
8/30/2012,0.9647
8/31/2012,0.9718
9/1/2012,0.9683
9/2/2012,0.9688
9/3/2012,0.9685
9/4/2012,0.9755
9/5/2012,0.9783
9/6/2012,0.9818
9/7/2012,0.9713
9/8/2012,0.9622
9/9/2012,0.9629
9/10/2012,0.9619
9/11/2012,0.9661
9/12/2012,0.9574
9/13/2012,0.9563
9/14/2012,0.9493
9/15/2012,0.9469
9/16/2012,0.9481
9/17/2012,0.9484
9/18/2012,0.9558
9/19/2012,0.9574
9/20/2012,0.9544
9/21/2012,0.9601
9/22/2012,0.9556
9/23/2012,0.9562
9/24/2012,0.9562
9/25/2012,0.9606
9/26/2012,0.9598
9/27/2012,0.9652
9/28/2012,0.9565
9/29/2012,0.9628
9/30/2012,0.9636
10/1/2012,0.9635
10/2/2012,0.9638
10/3/2012,0.974
10/4/2012,0.9793
10/5/2012,0.9738
10/6/2012,0.9808
10/7/2012,0.9825
10/8/2012,0.9815
10/9/2012,0.9792
10/10/2012,0.9809
10/11/2012,0.9779
10/12/2012,0.9732
10/13/2012,0.9781
10/14/2012,0.9771
10/15/2012,0.977
10/16/2012,0.9753
10/17/2012,0.9738
10/18/2012,0.964
10/19/2012,0.9626
10/20/2012,0.9682
10/21/2012,0.9678
10/22/2012,0.9678
10/23/2012,0.9692
10/24/2012,0.9751
10/25/2012,0.9665
10/26/2012,0.9658
10/27/2012,0.9662
10/28/2012,0.9639
10/29/2012,0.9636
10/30/2012,0.9678
10/31/2012,0.9647
11/1/2012,0.9638
11/2/2012,0.9616
11/3/2012,0.9645
11/4/2012,0.9674
11/5/2012,0.9675
11/6/2012,0.9647
11/7/2012,0.958
11/8/2012,0.9609
11/9/2012,0.959
11/10/2012,0.9623
11/11/2012,0.9624
11/12/2012,0.9629
11/13/2012,0.9594
11/14/2012,0.9584
11/15/2012,0.9621
11/16/2012,0.9696
11/17/2012,0.9702
11/18/2012,0.9668
11/19/2012,0.9668
11/20/2012,0.9612
11/21/2012,0.9634
11/22/2012,0.967
11/23/2012,0.9632
11/24/2012,0.9571
11/25/2012,0.956
11/26/2012,0.9558
11/27/2012,0.9572
11/28/2012,0.9563
11/29/2012,0.9554
11/30/2012,0.9591
12/1/2012,0.9593
12/2/2012,0.959
12/3/2012,0.9582
12/4/2012,0.9589
12/5/2012,0.9543
12/6/2012,0.9565
12/7/2012,0.9529
12/8/2012,0.9536
12/9/2012,0.9535
12/10/2012,0.9535
12/11/2012,0.9531
12/12/2012,0.9505
12/13/2012,0.9485
12/14/2012,0.9496
12/15/2012,0.948
12/16/2012,0.9467
12/17/2012,0.9472
12/18/2012,0.9481
12/19/2012,0.9496
12/20/2012,0.9528
12/21/2012,0.9545
12/22/2012,0.9598
12/23/2012,0.9612
12/24/2012,0.9612
12/25/2012,0.9645
12/26/2012,0.9647
12/27/2012,0.9664
12/28/2012,0.9652
12/29/2012,0.9633
12/30/2012,0.964
12/31/2012,0.9645
1/1/2013,0.9625
1/2/2013,0.962
1/3/2013,0.953
1/4/2013,0.9511
1/5/2013,0.9564
1/6/2013,0.954
1/7/2013,0.9539
1/8/2013,0.9541
1/9/2013,0.9536
1/10/2013,0.9509
1/11/2013,0.9458
1/12/2013,0.9486
1/13/2013,0.9492
1/14/2013,0.9492
1/15/2013,0.9469
1/16/2013,0.9468
1/17/2013,0.9469
1/18/2013,0.949
1/19/2013,0.953
1/20/2013,0.9517
1/21/2013,0.9517
1/22/2013,0.9512
1/23/2013,0.9474
1/24/2013,0.9477
1/25/2013,0.9556
1/26/2013,0.9596
1/27/2013,0.9593
1/28/2013,0.9596
1/29/2013,0.9614
1/30/2013,0.9556
1/31/2013,0.9593
2/1/2013,0.959
2/2/2013,0.9601
2/3/2013,0.9614
2/4/2013,0.961
2/5/2013,0.9592
2/6/2013,0.9627
2/7/2013,0.969
2/8/2013,0.9723
2/9/2013,0.9693
2/10/2013,0.9691
2/11/2013,0.9691
2/12/2013,0.9722
2/13/2013,0.9699
2/14/2013,0.9669
2/15/2013,0.9661
2/16/2013,0.9707
2/17/2013,0.9709
2/18/2013,0.9709
2/19/2013,0.9713
2/20/2013,0.9661
2/21/2013,0.9724
2/22/2013,0.9753
2/23/2013,0.9698
2/24/2013,0.9689
2/25/2013,0.968
2/26/2013,0.9721
2/27/2013,0.9799
2/28/2013,0.9803
3/1/2013,0.9765
3/2/2013,0.9797
3/3/2013,0.9797
3/4/2013,0.9797
3/5/2013,0.9841
3/6/2013,0.9769
3/7/2013,0.9752
3/8/2013,0.9743
3/9/2013,0.9784
3/10/2013,0.9771
3/11/2013,0.9767
3/12/2013,0.9744
3/13/2013,0.9691
3/14/2013,0.9703
3/15/2013,0.9619
3/16/2013,0.9612
3/17/2013,0.9607
3/18/2013,0.9603
3/19/2013,0.9616
3/20/2013,0.9647
3/21/2013,0.9621
3/22/2013,0.9581
3/23/2013,0.9575
3/24/2013,0.9576
3/25/2013,0.9576
3/26/2013,0.9569
3/27/2013,0.9546
3/28/2013,0.958
3/29/2013,0.9604
3/30/2013,0.9607
3/31/2013,0.9602
4/1/2013,0.9602
4/2/2013,0.9588
4/3/2013,0.9566
4/4/2013,0.9543
4/5/2013,0.9615
4/6/2013,0.9631
4/7/2013,0.959
4/8/2013,0.9638
4/9/2013,0.9618
4/10/2013,0.9531
4/11/2013,0.949
4/12/2013,0.948
4/13/2013,0.9519
4/14/2013,0.9524
4/15/2013,0.9516
4/16/2013,0.9637
4/17/2013,0.9622
4/18/2013,0.971
4/19/2013,0.9707
4/20/2013,0.9714
4/21/2013,0.9714
4/22/2013,0.973
4/23/2013,0.9751
4/24/2013,0.9752
4/25/2013,0.9743
4/26/2013,0.9697
4/27/2013,0.9723
4/28/2013,0.9727
4/29/2013,0.9727
4/30/2013,0.9659
5/1/2013,0.9653
5/2/2013,0.972
5/3/2013,0.9747
5/4/2013,0.9697
5/5/2013,0.969
5/6/2013,0.9744
5/7/2013,0.9759
5/8/2013,0.9826
5/9/2013,0.9821
5/10/2013,0.9827
5/11/2013,0.9978
5/12/2013,0.9989
5/13/2013,0.9989
5/14/2013,1.0057
5/15/2013,1.0107
5/16/2013,1.0124
5/17/2013,1.016
5/18/2013,1.0267
5/19/2013,1.028
5/20/2013,1.028
5/21/2013,1.0191
5/22/2013,1.0185
5/23/2013,1.0316
5/24/2013,1.0262
5/25/2013,1.0373
5/26/2013,1.0365
5/27/2013,1.0336
5/28/2013,1.0384
5/29/2013,1.0378
5/30/2013,1.0386
5/31/2013,1.0342
6/1/2013,1.042
6/2/2013,1.045
6/3/2013,1.045
6/4/2013,1.0217
6/5/2013,1.0397
6/6/2013,1.049
6/7/2013,1.0418
6/8/2013,1.0548
6/9/2013,1.0532
6/10/2013,1.0526
6/11/2013,1.0564
6/12/2013,1.0617
6/13/2013,1.0526
6/14/2013,1.0416
6/15/2013,1.043
6/16/2013,1.0451
6/17/2013,1.0451
6/18/2013,1.0483
6/19/2013,1.0532
6/20/2013,1.0484
6/21/2013,1.0872
6/22/2013,1.0837
6/23/2013,1.0845
6/24/2013,1.0845
6/25/2013,1.0791
6/26/2013,1.0792
6/27/2013,1.0791
6/28/2013,1.0776
6/29/2013,1.0943
6/30/2013,1.0941
7/1/2013,1.0938
7/2/2013,1.083
7/3/2013,1.094
7/4/2013,1.1024
7/5/2013,1.0918
7/6/2013,1.1044
7/7/2013,1.1027
7/8/2013,1.1027
7/9/2013,1.0959
7/10/2013,1.09
7/11/2013,1.093
7/12/2013,1.0944
7/13/2013,1.1049
7/14/2013,1.1051
7/15/2013,1.1051
7/16/2013,1.1003
7/17/2013,1.0825
7/18/2013,1.0832
7/19/2013,1.0907
7/20/2013,1.0877
7/21/2013,1.0901
7/22/2013,1.0882
7/23/2013,1.0806
7/24/2013,1.0769
7/25/2013,1.093
7/26/2013,1.0839
7/27/2013,1.0807
7/28/2013,1.0796
7/29/2013,1.0796
7/30/2013,1.088
7/31/2013,1.1043
8/1/2013,1.1154
8/2/2013,1.1187
8/3/2013,1.1217
8/4/2013,1.1229
8/5/2013,1.1229
8/6/2013,1.1224
8/7/2013,1.1124
8/8/2013,1.1108
8/9/2013,1.0968
8/10/2013,1.0874
8/11/2013,1.0881
8/12/2013,1.0881
8/13/2013,1.0926
8/14/2013,1.0998
8/15/2013,1.0951
8/16/2013,1.0953
8/17/2013,1.0899
8/18/2013,1.0889
8/19/2013,1.0889
8/20/2013,1.0962
8/21/2013,1.1006
8/22/2013,1.1071
8/23/2013,1.1077
8/24/2013,1.1073
8/25/2013,1.1078
8/26/2013,1.1069
8/27/2013,1.1085
8/28/2013,1.1152
8/29/2013,1.1181
8/30/2013,1.1199
8/31/2013,1.1233
9/1/2013,1.1235
9/2/2013,1.1236
9/3/2013,1.1139
9/4/2013,1.1053
9/5/2013,1.0908
9/6/2013,1.0965
9/7/2013,1.0876
9/8/2013,1.0882
9/9/2013,1.0882
9/10/2013,1.0826
9/11/2013,1.0744
9/12/2013,1.0717
9/13/2013,1.0795
9/14/2013,1.0813
9/15/2013,1.0816
9/16/2013,1.0816
9/17/2013,1.0728
9/18/2013,1.069
9/19/2013,1.067
9/20/2013,1.0601
9/21/2013,1.0621
9/22/2013,1.0645
9/23/2013,1.0645
9/24/2013,1.0592
9/25/2013,1.0633
9/26/2013,1.0678
9/27/2013,1.0701
9/28/2013,1.0728
9/29/2013,1.0736
9/30/2013,1.0732
10/1/2013,1.0713
10/2/2013,1.0647
10/3/2013,1.0672
10/4/2013,1.0633
10/5/2013,1.0603
10/6/2013,1.0604
10/7/2013,1.0601
10/8/2013,1.0595
10/9/2013,1.0603
10/10/2013,1.0607
10/11/2013,1.0567
10/12/2013,1.0561
10/13/2013,1.0563
10/14/2013,1.0563
10/15/2013,1.055
10/16/2013,1.0501
10/17/2013,1.0486
10/18/2013,1.0374
10/19/2013,1.0341
10/20/2013,1.0339
10/21/2013,1.0335
10/22/2013,1.0352
10/23/2013,1.0303
10/24/2013,1.0396
10/25/2013,1.0406
10/26/2013,1.0442
10/27/2013,1.0432
10/28/2013,1.0433
10/29/2013,1.0443
10/30/2013,1.0544
10/31/2013,1.0532
11/1/2013,1.0574
11/2/2013,1.0593
11/3/2013,1.0596
11/4/2013,1.0603
11/5/2013,1.0518
11/6/2013,1.0539
11/7/2013,1.0505
11/8/2013,1.056
11/9/2013,1.0659
11/10/2013,1.066
11/11/2013,1.066
11/12/2013,1.0691
11/13/2013,1.0754
11/14/2013,1.0723
11/15/2013,1.0729
11/16/2013,1.0682
11/17/2013,1.067
11/18/2013,1.0673
11/19/2013,1.0641
11/20/2013,1.0624
11/21/2013,1.0671
11/22/2013,1.0814
11/23/2013,1.0915
11/24/2013,1.0901
11/25/2013,1.0929
11/26/2013,1.0932
11/27/2013,1.0963
11/28/2013,1.1018
11/29/2013,1.0999
11/30/2013,1.0962
12/1/2013,1.0976
12/2/2013,1.0976
12/3/2013,1.0987
12/4/2013,1.096
12/5/2013,1.1095
12/6/2013,1.1024
12/7/2013,1.0993
12/8/2013,1.0987
12/9/2013,1.0987
12/10/2013,1.1007
12/11/2013,1.0926
12/12/2013,1.1032
12/13/2013,1.1204
12/14/2013,1.1163
12/15/2013,1.1157
12/16/2013,1.1157
12/17/2013,1.1152
12/18/2013,1.1236
12/19/2013,1.1259
12/20/2013,1.1285
12/21/2013,1.1211
12/22/2013,1.1203
12/23/2013,1.1203
12/24/2013,1.119
12/25/2013,1.121
12/26/2013,1.1207
12/27/2013,1.1256
12/28/2013,1.1256
12/29/2013,1.128
12/30/2013,1.128
12/31/2013,1.1212
1/1/2014,1.1197
1/2/2014,1.122
1/3/2014,1.1207
1/4/2014,1.1139
1/5/2014,1.1188
1/6/2014,1.1188
1/7/2014,1.1168
1/8/2014,1.1211
1/9/2014,1.1225
1/10/2014,1.1254
1/11/2014,1.1136
1/12/2014,1.1214
1/13/2014,1.1115
1/14/2014,1.1049
1/15/2014,1.114
1/16/2014,1.1205
1/17/2014,1.1362
1/18/2014,1.1388
1/19/2014,1.1386
1/20/2014,1.1386
1/21/2014,1.1365
1/22/2014,1.1359
1/23/2014,1.1307
1/24/2014,1.14
1/25/2014,1.1481
1/26/2014,1.1516
1/27/2014,1.148
1/28/2014,1.1449
1/29/2014,1.1405
1/30/2014,1.1412
1/31/2014,1.1404
2/1/2014,1.1449
2/2/2014,1.1422
2/3/2014,1.1427
2/4/2014,1.1391
2/5/2014,1.1194
2/6/2014,1.1222
2/7/2014,1.1153
2/8/2014,1.1163
2/9/2014,1.1165
2/10/2014,1.1165
2/11/2014,1.1184
2/12/2014,1.1058
2/13/2014,1.1077
2/14/2014,1.1139
2/15/2014,1.1085
2/16/2014,1.1066
2/17/2014,1.1066
2/18/2014,1.1072
2/19/2014,1.1066
2/20/2014,1.1073
2/21/2014,1.1132
2/22/2014,1.1162
2/23/2014,1.114
2/24/2014,1.114
2/25/2014,1.1062
2/26/2014,1.1079
2/27/2014,1.1164
2/28/2014,1.1165
3/1/2014,1.119
3/2/2014,1.12
3/3/2014,1.12
3/4/2014,1.1202
3/5/2014,1.1188
3/6/2014,1.1134
3/7/2014,1.0998
3/8/2014,1.1021
3/9/2014,1.1026
3/10/2014,1.1027
3/11/2014,1.1086
3/12/2014,1.1104
3/13/2014,1.1137
3/14/2014,1.1054
3/15/2014,1.1068
3/16/2014,1.1073
3/17/2014,1.1073
3/18/2014,1.1
3/19/2014,1.0951
3/20/2014,1.0967
3/21/2014,1.1053
3/22/2014,1.0999
3/23/2014,1.101
3/24/2014,1.101
3/25/2014,1.0968
3/26/2014,1.0929
3/27/2014,1.0842
3/28/2014,1.0806
3/29/2014,1.0821
3/30/2014,1.0815
3/31/2014,1.0815
4/1/2014,1.0789
4/2/2014,1.0815
4/3/2014,1.0824
4/4/2014,1.0845
4/5/2014,1.077
4/6/2014,1.0772
4/7/2014,1.076
4/8/2014,1.0799
4/9/2014,1.0686
4/10/2014,1.0696
4/11/2014,1.0614
4/12/2014,1.0642
4/13/2014,1.0645
4/14/2014,1.0644
4/15/2014,1.0621
4/16/2014,1.0697
4/17/2014,1.0664
4/18/2014,1.0714
4/19/2014,1.0715
4/20/2014,1.0721
4/21/2014,1.072
4/22/2014,1.0712
4/23/2014,1.0678
4/24/2014,1.0773
4/25/2014,1.0804
4/26/2014,1.079
4/27/2014,1.0789
4/28/2014,1.0789
4/29/2014,1.0813
4/30/2014,1.0788
5/1/2014,1.0781
5/2/2014,1.0783
5/3/2014,1.0795
5/4/2014,0.9279
5/5/2014,1.078
5/6/2014,1.0781
5/7/2014,1.068
5/8/2014,1.0704
5/9/2014,1.0655
5/10/2014,1.0688
5/11/2014,1.0678
5/12/2014,1.0678
5/13/2014,1.0679
5/14/2014,1.0696
5/15/2014,1.066
5/16/2014,1.0699
5/17/2014,1.0677
5/18/2014,1.068
5/19/2014,1.068
5/20/2014,1.0712
5/21/2014,1.0815
5/22/2014,1.0846
5/23/2014,1.0848
5/24/2014,1.0826
5/25/2014,1.0833
5/26/2014,1.0834
5/27/2014,1.0821
5/28/2014,1.0827
5/29/2014,1.0841
5/30/2014,1.0767
5/31/2014,1.0747
6/1/2014,1.0746
6/2/2014,1.0746
6/3/2014,1.0817
6/4/2014,1.0807
6/5/2014,1.0786
6/6/2014,1.0718
6/7/2014,1.0713
6/8/2014,1.0716
6/9/2014,1.0716
6/10/2014,1.0696
6/11/2014,1.0679
6/12/2014,1.0656
6/13/2014,1.0614
6/14/2014,1.0642
6/15/2014,1.0635
6/16/2014,1.0635
6/17/2014,1.0644
6/18/2014,1.0713
6/19/2014,1.0706
6/20/2014,1.0646
6/21/2014,1.0653
6/22/2014,1.0651
6/23/2014,1.0654
6/24/2014,1.0618
6/25/2014,1.0663
6/26/2014,1.0649
6/27/2014,1.0631
6/28/2014,1.0622
6/29/2014,1.0612
6/30/2014,1.0612
7/1/2014,1.0609
7/2/2014,1.0526
7/3/2014,1.0596
7/4/2014,1.0694
7/5/2014,1.0679
7/6/2014,1.0676
7/7/2014,1.068
7/8/2014,1.0671
7/9/2014,1.0636
7/10/2014,1.0645
7/11/2014,1.0646
7/12/2014,1.0658
7/13/2014,1.0649
7/14/2014,1.0649
7/15/2014,1.0651
7/16/2014,1.0676
7/17/2014,1.0679
7/18/2014,1.066
7/19/2014,1.0643
7/20/2014,1.0647
7/21/2014,1.0646
7/22/2014,1.0666
7/23/2014,1.0646
7/24/2014,1.0582
7/25/2014,1.0622
7/26/2014,1.0637
7/27/2014,1.0644
7/28/2014,1.0643
7/29/2014,1.0627
7/30/2014,1.0654
7/31/2014,1.073
8/1/2014,1.0749
8/2/2014,1.0738
8/3/2014,1.074
8/4/2014,1.074
8/5/2014,1.0717
8/6/2014,1.0757
8/7/2014,1.0697
8/8/2014,1.0782
8/9/2014,1.078
8/10/2014,1.0779
8/11/2014,1.0779
8/12/2014,1.0799
8/13/2014,1.0786
8/14/2014,1.0745
8/15/2014,1.0737
8/16/2014,1.0737
8/17/2014,1.0725
8/18/2014,1.0725
8/19/2014,1.0722
8/20/2014,1.0745
8/21/2014,1.074
8/22/2014,1.0749
8/23/2014,1.0736
8/25/2014,1.0741
8/26/2014,1.0755
8/27/2014,1.0746
8/28/2014,1.071
8/29/2014,1.0693
8/30/2014,1.071
8/31/2014,1.0707
9/1/2014,1.0707
9/2/2014,1.071
9/3/2014,1.0779
9/4/2014,1.0705
9/5/2014,1.0688
9/6/2014,1.0665
9/8/2014,1.0663
9/9/2014,1.0764
9/10/2014,1.0872
9/11/2014,1.0918
9/12/2014,1.0979
9/13/2014,1.1054
9/14/2014,1.1054
9/15/2014,1.1078
9/16/2014,1.1004
9/17/2014,1.1004
9/18/2014,1.107
9/19/2014,1.1139
9/20/2014,1.1192
9/21/2014,1.12
9/22/2014,1.12
9/23/2014,1.1278
9/24/2014,1.1313
9/26/2014,1.1372
9/27/2014,1.1412
9/28/2014,1.1408
9/29/2014,1.1408
9/30/2014,1.1454
10/1/2014,1.1443
10/2/2014,1.1467
10/3/2014,1.1528
10/4/2014,1.1528
10/5/2014,1.1528
10/6/2014,1.1444
10/7/2014,1.1348
10/8/2014,1.1348
10/9/2014,1.1425
10/10/2014,1.1393
10/11/2014,1.1458
10/12/2014,1.1514
10/13/2014,1.1514
10/14/2014,1.1421
10/15/2014,1.1455
10/16/2014,1.1366
10/17/2014,1.1403
10/18/2014,1.1402
10/19/2014,1.1435
10/20/2014,1.1435
10/21/2014,1.138
10/22/2014,1.1369
10/23/2014,1.1383
10/24/2014,1.1413
10/25/2014,1.1355
10/26/2014,1.1373
10/27/2014,1.1373
10/28/2014,1.135
10/29/2014,1.1298
10/30/2014,1.1245
10/31/2014,1.1325
11/1/2014,1.1363
11/2/2014,1.1369
11/3/2014,1.1369
11/4/2014,1.1497
11/5/2014,1.1458
11/6/2014,1.1642
11/7/2014,1.165
11/8/2014,1.1602
11/9/2014,1.1584
11/10/2014,1.1584
11/11/2014,1.1593
11/12/2014,1.153
11/13/2014,1.1445
11/14/2014,1.146
11/15/2014,1.1449
11/16/2014,1.1435
11/17/2014,1.1418
11/18/2014,1.1471
11/19/2014,1.1462
11/20/2014,1.1591
11/21/2014,1.1619
11/22/2014,1.153
11/23/2014,1.1534
11/24/2014,1.1534
11/25/2014,1.1602
11/26/2014,1.1732
11/27/2014,1.1718
11/28/2014,1.1702
11/29/2014,1.1731
11/30/2014,1.1755
12/1/2014,1.1755
12/2/2014,1.1744
12/3/2014,1.1832
12/4/2014,1.1879
12/5/2014,1.1894
12/6/2014,1.2007
12/7/2014,1.2011
12/8/2014,1.2011
12/9/2014,1.2051
12/10/2014,1.1998
12/11/2014,1.2043
12/12/2014,1.2095
12/13/2014,1.2105
12/14/2014,1.2133
12/15/2014,1.2133
12/16/2014,1.2161
12/17/2014,1.2165
12/18/2014,1.2246
12/19/2014,1.2246
12/20/2014,1.2302
12/21/2014,1.228
12/22/2014,1.228
12/23/2014,1.2283
12/24/2014,1.2353
12/25/2014,1.2331
12/26/2014,1.2329
12/27/2014,1.2326
12/28/2014,1.2334
12/29/2014,1.2334
12/30/2014,1.2272
12/31/2014,1.2195
1/4/2015,1.2362
1/5/2015,1.2362
1/6/2015,1.2353
1/7/2015,1.2323
1/8/2015,1.2427
1/9/2015,1.2306
1/10/2015,1.2207
1/11/2015,1.2191
1/12/2015,1.2191
1/13/2015,1.2253
1/14/2015,1.2253
1/15/2015,1.2253
1/16/2015,1.2175
1/17/2015,1.2198
1/18/2015,1.2155
1/19/2015,1.2155
1/20/2015,1.2179
1/21/2015,1.2226
1/22/2015,1.234
1/23/2015,1.2344
1/24/2015,1.2603
1/25/2015,1.2627
1/26/2015,1.2627
1/27/2015,1.2618
1/28/2015,1.259
1/29/2015,1.2541
1/30/2015,1.2893
1/31/2015,1.2886
2/1/2015,1.2846
2/2/2015,1.2846
2/3/2015,1.2796
2/4/2015,1.2939
2/5/2015,1.2876
2/6/2015,1.283
2/7/2015,1.281
2/8/2015,1.2827
2/9/2015,1.2827
2/10/2015,1.2794
2/11/2015,1.2857
2/12/2015,1.2976
2/13/2015,1.2872
2/14/2015,1.2869
2/15/2015,1.2875
2/16/2015,1.2867
2/17/2015,1.2867
2/18/2015,1.2798
2/19/2015,1.2851
2/20/2015,1.2805
2/21/2015,1.278
2/22/2015,1.2748
2/23/2015,1.2748
2/24/2015,1.2799
2/25/2015,1.2803
2/26/2015,1.267
2/27/2015,1.2784
2/28/2015,1.2803
3/1/2015,1.2795
3/2/2015,1.2795
3/3/2015,1.286
3/4/2015,1.2756
3/5/2015,1.2788
3/6/2015,1.2877
3/7/2015,1.2951
3/8/2015,1.296
3/9/2015,1.296
3/10/2015,1.2963
3/11/2015,1.313
3/12/2015,1.3186
3/13/2015,1.3015
3/14/2015,1.3095
3/15/2015,1.3091
3/16/2015,1.3091
3/17/2015,1.3054
3/18/2015,1.3133
3/19/2015,1.3052
3/20/2015,1.3115
3/21/2015,1.2858
3/22/2015,1.2863
3/23/2015,1.2863
3/24/2015,1.2718
3/25/2015,1.271
3/26/2015,1.2757
3/27/2015,1.2769
3/28/2015,1.2886
3/29/2015,1.29
3/30/2015,1.29
3/31/2015,1.3079
4/1/2015,1.3128
4/2/2015,1.3129
4/3/2015,1.3206
4/4/2015,1.309
4/5/2015,1.3106
4/6/2015,1.3106
4/7/2015,1.3113
4/8/2015,1.3072
4/9/2015,1.2986
4/10/2015,1.2996
4/11/2015,1.3027
4/12/2015,1.3016
4/13/2015,1.3016
4/14/2015,1.3195
4/15/2015,1.3101
4/16/2015,1.3005
4/17/2015,1.2805
4/18/2015,1.2865
4/19/2015,1.2848
4/20/2015,1.2848
4/21/2015,1.2973
4/22/2015,1.2952
4/23/2015,1.2862
4/24/2015,1.2845
4/25/2015,1.2784
4/26/2015,1.2785
4/27/2015,1.2785
4/28/2015,1.2729
4/29/2015,1.2475
4/30/2015,1.2402
5/1/2015,1.2665
5/2/2015,1.2774
5/3/2015,1.2737
5/4/2015,1.2737
5/5/2015,1.2745
5/6/2015,1.258
5/7/2015,1.2541
5/8/2015,1.2652
5/9/2015,1.2609
5/10/2015,1.2604
5/11/2015,1.2604
5/12/2015,1.2638
5/13/2015,1.2524
5/14/2015,1.2334
5/15/2015,1.2377
5/16/2015,1.2436
5/17/2015,1.2448
5/18/2015,1.2448
5/19/2015,1.2517
5/20/2015,1.2631
5/21/2015,1.2692
5/22/2015,1.2678
5/23/2015,1.279
5/24/2015,1.2783
5/25/2015,1.2783
5/26/2015,1.2776
5/27/2015,1.2915
5/28/2015,1.2953
5/29/2015,1.3079
5/30/2015,1.3056
5/31/2015,1.3082
6/1/2015,1.3088
6/2/2015,1.3147
6/3/2015,1.285
6/4/2015,1.2856
6/5/2015,1.3026
6/6/2015,1.3119
6/7/2015,1.3115
6/8/2015,1.3115
6/9/2015,1.3036
6/10/2015,1.3033
6/11/2015,1.2885
6/12/2015,1.2932
6/13/2015,1.2912
6/14/2015,1.2935
6/15/2015,1.2935
6/16/2015,1.2879
6/17/2015,1.2911
6/18/2015,1.3042
6/19/2015,1.2815
6/20/2015,1.2875
6/21/2015,1.2877
6/22/2015,1.2877
6/23/2015,1.2941
6/24/2015,1.2937
6/25/2015,1.296
6/26/2015,1.2906
6/27/2015,1.3082
6/28/2015,1.3065
6/29/2015,1.3065
6/30/2015,1.2968
7/1/2015,1.2979
7/2/2015,1.3061
7/3/2015,1.3112
7/4/2015,1.3294
7/5/2015,1.3304
7/6/2015,1.3316
7/7/2015,1.3316
7/8/2015,1.3452
7/9/2015,1.3453
7/10/2015,1.3456
7/11/2015,1.3485
7/12/2015,1.343
7/13/2015,1.3432
7/14/2015,1.3508
7/15/2015,1.3425
7/16/2015,1.3566
7/17/2015,1.3496
7/18/2015,1.3557
7/19/2015,1.3561
7/20/2015,1.3561
7/21/2015,1.3556
7/22/2015,1.3447
7/23/2015,1.3558
7/24/2015,1.3563
7/25/2015,1.3749
7/26/2015,1.3749
7/27/2015,1.3723
7/28/2015,1.372
7/29/2015,1.3627
7/30/2015,1.3657
7/31/2015,1.3729
8/1/2015,1.367
8/2/2015,1.3688
8/3/2015,1.3688
8/4/2015,1.3759
8/5/2015,1.3525
8/6/2015,1.3589
8/7/2015,1.3608
8/8/2015,1.3486
8/9/2015,1.3479
8/10/2015,1.3499
8/11/2015,1.3495
8/12/2015,1.3716
8/13/2015,1.3558
8/14/2015,1.3596
8/15/2015,1.3549
8/16/2015,1.3567
8/17/2015,1.3567
8/18/2015,1.3541
8/19/2015,1.3639
8/20/2015,1.3606
8/21/2015,1.3613
8/22/2015,1.3638
8/23/2015,1.3663
8/24/2015,1.3663
8/25/2015,1.3875
8/26/2015,1.3964
8/27/2015,1.4097
8/28/2015,1.3971
8/29/2015,1.3973
8/30/2015,1.3957
8/31/2015,1.3957
9/1/2015,1.4049
9/2/2015,1.4202
9/3/2015,1.4211
9/4/2015,1.4259
9/5/2015,1.4447
9/6/2015,1.447
9/7/2015,1.447
9/8/2015,1.4433
9/9/2015,1.4233
9/10/2015,1.4243
9/11/2015,1.4112
9/12/2015,1.4134
9/13/2015,1.4104
9/14/2015,1.403
9/15/2015,1.4009
9/16/2015,1.4036
9/17/2015,1.3908
9/18/2015,1.3951
9/19/2015,1.3836
9/20/2015,1.3817
9/21/2015,1.3914
9/22/2015,1.4024
9/23/2015,1.4113
9/24/2015,1.4262
9/25/2015,1.4256
9/26/2015,1.4247
9/27/2015,1.423
9/28/2015,1.423
9/29/2015,1.4308
9/30/2015,1.4291
10/1/2015,1.4261
10/2/2015,1.4237
10/3/2015,1.4231
10/4/2015,1.4151
10/5/2015,1.4151
10/6/2015,1.412
10/7/2015,1.3987
10/8/2015,1.3871
10/9/2015,1.383
10/10/2015,1.3642
10/11/2015,1.3632
10/12/2015,1.3632
10/13/2015,1.3563
10/14/2015,1.3738
10/15/2015,1.3763
10/16/2015,1.3634
10/17/2015,1.3753
10/18/2015,1.3769
10/19/2015,1.3769
10/20/2015,1.3772
10/21/2015,1.3765
10/22/2015,1.3841
10/23/2015,1.3851
10/24/2015,1.3849
10/25/2015,1.3854
10/26/2015,1.386
10/27/2015,1.3775
10/28/2015,1.3867
10/29/2015,1.4
10/30/2015,1.4133
10/31/2015,1.4007
11/1/2015,1.4011
11/2/2015,1.4011
11/3/2015,1.4005
11/4/2015,1.3946
11/5/2015,1.4003
11/6/2015,1.399
11/7/2015,1.422
11/8/2015,1.4195
11/9/2015,1.4195
11/10/2015,1.4182
11/11/2015,1.4226
11/12/2015,1.4166
11/13/2015,1.4054
11/14/2015,1.4056
11/15/2015,1.4021
11/16/2015,1.4021
11/17/2015,1.4109
11/18/2015,1.4048
11/19/2015,1.413
11/20/2015,1.3878
11/21/2015,1.3823
11/22/2015,1.3817
11/23/2015,1.3817
11/24/2015,1.3916
11/25/2015,1.3812
11/26/2015,1.38
11/27/2015,1.3832
11/28/2015,1.3908
11/29/2015,1.3899
11/30/2015,1.3899
12/1/2015,1.3821
12/2/2015,1.3658
12/3/2015,1.3678
12/4/2015,1.3678
12/5/2015,1.3609
12/6/2015,1.3617
12/7/2015,1.3617
12/8/2015,1.3761
12/9/2015,1.3872
12/10/2015,1.3871
12/11/2015,1.3691
12/12/2015,1.3859
12/13/2015,1.3911
12/14/2015,1.3911
12/15/2015,1.38
12/16/2015,1.3939
12/17/2015,1.3879
12/18/2015,1.4073
12/19/2015,1.3892
12/20/2015,1.3942
12/21/2015,1.3942
12/22/2015,1.3946
12/23/2015,1.3832
12/24/2015,1.3851
12/25/2015,1.3754
12/26/2015,1.3754
12/27/2015,1.3733
12/28/2015,1.3733
12/29/2015,1.3772
12/30/2015,1.3713
12/31/2015,1.3729
1/1/2016,1.3731
1/2/2016,1.3727
1/3/2016,1.3727
1/4/2016,1.3727
1/5/2016,1.3961
1/6/2016,1.3989
1/7/2016,1.4145
1/8/2016,1.4245
1/9/2016,1.4341
1/10/2016,1.4384
1/11/2016,1.4384
1/12/2016,1.4314
1/13/2016,1.434
1/14/2016,1.4292
1/15/2016,1.4347
1/16/2016,1.4554
1/17/2016,1.4546
1/18/2016,1.4546
1/19/2016,1.4556
1/20/2016,1.4437
1/21/2016,1.458
1/22/2016,1.4303
1/23/2016,1.4266
1/24/2016,1.4235
1/25/2016,1.4235
1/26/2016,1.4344
1/27/2016,1.4275
1/28/2016,1.4134
1/29/2016,1.4118
1/30/2016,1.415
1/31/2016,1.4116
2/1/2016,1.4116
2/2/2016,1.412
2/3/2016,1.4172
2/4/2016,1.402
2/5/2016,1.3846
2/6/2016,1.4113
2/7/2016,1.414
2/8/2016,1.414
2/9/2016,1.4094
2/10/2016,1.412
2/11/2016,1.4128
2/12/2016,1.4104
2/13/2016,1.4086
2/14/2016,1.4072
2/15/2016,1.4078
2/16/2016,1.4001
2/17/2016,1.4086
2/18/2016,1.3948
2/19/2016,1.4009
2/20/2016,1.404
2/21/2016,1.3984
2/22/2016,1.3984
2/23/2016,1.3809
2/24/2016,1.3872
2/25/2016,1.393
2/26/2016,1.3891
2/27/2016,1.4021
2/28/2016,1.4042
2/29/2016,1.4042
3/1/2016,1.399
3/2/2016,1.3942
3/3/2016,1.3757
3/4/2016,1.3584
3/5/2016,1.346
3/6/2016,1.3445
3/7/2016,1.3445
3/8/2016,1.3396
3/9/2016,1.3438
3/10/2016,1.3298
3/11/2016,1.3438
3/12/2016,1.3199
3/13/2016,1.3192
3/14/2016,1.3192
3/15/2016,1.3315
3/16/2016,1.3418
3/17/2016,1.3455
3/18/2016,1.3088
3/19/2016,1.314
3/20/2016,1.3151
3/21/2016,1.3151
3/22/2016,1.3187
3/23/2016,1.3127
3/24/2016,1.3274
3/25/2016,1.33
3/26/2016,1.3311
3/27/2016,1.3319
3/28/2016,1.3319
3/29/2016,1.3263
3/30/2016,1.3136
3/31/2016,1.3049
4/1/2016,1.303
4/2/2016,1.302
4/3/2016,1.3024
4/4/2016,1.3037
4/5/2016,1.3121
4/6/2016,1.3297
4/7/2016,1.316
4/8/2016,1.332
4/9/2016,1.3244
4/10/2016,1.3233
4/11/2016,1.3233
4/12/2016,1.3158
4/13/2016,1.3041
4/14/2016,1.3075
4/15/2016,1.2977
4/16/2016,1.2956
4/17/2016,1.2965
4/18/2016,1.2965
4/19/2016,1.2906
4/20/2016,1.2803
4/21/2016,1.2796
4/22/2016,1.2919
4/23/2016,1.2978
4/24/2016,1.2968
4/25/2016,1.2968
4/26/2016,1.2959
4/27/2016,1.2914
4/28/2016,1.3161
4/29/2016,1.3078
4/30/2016,1.3168
5/1/2016,1.315
5/2/2016,1.315
5/3/2016,1.305
5/4/2016,1.3329
5/5/2016,1.3411
5/6/2016,1.3398
5/7/2016,1.3584
5/8/2016,1.3574
5/9/2016,1.3574
5/10/2016,1.3677
5/11/2016,1.3603
5/12/2016,1.3527
5/13/2016,1.366
5/14/2016,1.3746
5/15/2016,1.3699
5/16/2016,1.3699
5/17/2016,1.372
5/18/2016,1.3629
5/19/2016,1.3705
5/20/2016,1.3845
5/21/2016,1.3839
5/22/2016,1.3841
5/23/2016,1.3824
5/24/2016,1.3847
5/25/2016,1.394
5/26/2016,1.3896
5/27/2016,1.3858
5/28/2016,1.3915
5/29/2016,1.3901
5/30/2016,1.3918
5/31/2016,1.3916
6/1/2016,1.3826
6/2/2016,1.3789
6/3/2016,1.3839
6/4/2016,1.3606
6/5/2016,1.3776
6/6/2016,1.3776
6/7/2016,1.3575
6/8/2016,1.3427
6/9/2016,1.3391
6/10/2016,1.3446
6/11/2016,1.356
6/12/2016,1.3514
6/13/2016,1.3514
6/14/2016,1.3531
6/15/2016,1.3586
6/16/2016,1.3494
6/17/2016,1.3586
6/18/2016,1.3523
6/19/2016,1.3521
6/20/2016,1.3521
6/21/2016,1.3411
6/22/2016,1.3396
6/23/2016,1.3346
6/24/2016,1.3164
6/25/2016,1.3356
6/26/2016,1.3354
6/27/2016,1.3354
6/28/2016,1.3635
6/29/2016,1.3582
6/30/2016,1.3468
7/1/2016,1.3455
7/2/2016,1.3357
7/3/2016,1.3334
7/4/2016,1.3334
7/5/2016,1.3264
7/6/2016,1.3406
7/7/2016,1.3338
7/8/2016,1.337
7/9/2016,1.3231
7/10/2016,1.3211
7/11/2016,1.3211
7/12/2016,1.3277
7/13/2016,1.3085
7/14/2016,1.3131
7/15/2016,1.3096
7/16/2016,1.3165
7/17/2016,1.3195
7/18/2016,1.3195
7/19/2016,1.3166
7/20/2016,1.3326
7/21/2016,1.3369
7/22/2016,1.3356
7/23/2016,1.3413
7/24/2016,1.3395
7/25/2016,1.3395
7/26/2016,1.339
7/27/2016,1.331
7/28/2016,1.3396
7/29/2016,1.3317
7/30/2016,1.3166
7/31/2016,1.3164
8/1/2016,1.3164
8/2/2016,1.3218
8/3/2016,1.3151
8/4/2016,1.3181
8/5/2016,1.3107
8/6/2016,1.3123
8/7/2016,1.3124
8/8/2016,1.3124
8/9/2016,1.306
8/10/2016,1.3041
8/11/2016,1.2948
8/12/2016,1.2978
8/13/2016,1.3072
8/14/2016,1.3078
8/15/2016,1.3078
8/16/2016,1.3018
8/17/2016,1.2979
8/18/2016,1.3107
8/19/2016,1.3014
8/20/2016,1.313
8/21/2016,1.3115
8/22/2016,1.3113
8/23/2016,1.3116
8/24/2016,1.3103
8/25/2016,1.314
8/26/2016,1.3138
8/27/2016,1.3176
8/28/2016,1.3115
8/29/2016,1.3223
8/30/2016,1.3196
8/31/2016,1.3324
9/1/2016,1.3305
9/2/2016,1.3233
9/3/2016,1.3222
9/4/2016,1.3211
9/5/2016,1.3209
9/6/2016,1.3182
9/7/2016,1.3018
9/8/2016,1.304
9/9/2016,1.3078
9/10/2016,1.3249
9/11/2016,1.3265
9/12/2016,1.3289
9/13/2016,1.339
9/14/2016,1.3386
9/15/2016,1.3377
9/16/2016,1.3316
9/17/2016,1.3359
9/18/2016,1.3346
9/19/2016,1.3348
9/20/2016,1.3258
9/21/2016,1.3259
9/22/2016,1.3193
9/23/2016,1.3089
9/24/2016,1.3133
9/25/2016,1.3117
9/26/2016,1.3117
9/27/2016,1.3089
9/28/2016,1.3045
9/29/2016,1.3037
9/30/2016,1.3093
10/1/2016,1.3045
10/2/2016,1.3056
10/3/2016,1.3056
10/4/2016,1.3047
10/5/2016,1.3135
10/6/2016,1.3121
10/7/2016,1.3196
10/8/2016,1.3212
10/9/2016,1.3186
10/10/2016,1.3145
10/11/2016,1.3272
10/12/2016,1.3212
10/13/2016,1.3203
10/14/2016,1.3111
10/15/2016,1.3129
10/16/2016,1.3128
10/17/2016,1.3115
10/18/2016,1.3034
10/19/2016,1.2949
10/20/2016,1.3103
10/21/2016,1.3158
10/22/2016,1.3148
10/23/2016,1.3148
10/24/2016,1.3159
10/25/2016,1.3074
10/26/2016,1.3068
10/27/2016,1.3172
10/28/2016,1.3179
10/29/2016,1.3161
10/30/2016,1.3178
10/31/2016,1.3152
11/1/2016,1.3086
11/2/2016,1.303
11/3/2016,1.3029
11/4/2016,1.3026
11/5/2016,1.3032
11/6/2016,1.3027
11/7/2016,1.299
11/8/2016,1.2935
11/9/2016,1.3033
11/10/2016,1.3166
11/11/2016,1.324
11/12/2016,1.324
11/13/2016,1.324
11/14/2016,1.326
11/15/2016,1.3267
11/16/2016,1.3352
11/17/2016,1.341
11/18/2016,1.3621
11/19/2016,1.3621
11/20/2016,1.3627
11/21/2016,1.3596
11/22/2016,1.3534
11/23/2016,1.3538
11/24/2016,1.3489
11/25/2016,1.3465
11/26/2016,1.3432
11/27/2016,1.3446
11/28/2016,1.3372
11/29/2016,1.3397
11/30/2016,1.3538
12/1/2016,1.3493
12/2/2016,1.3431
12/3/2016,1.3409
12/4/2016,1.3422
12/5/2016,1.3375
12/6/2016,1.3412
12/7/2016,1.3375
12/8/2016,1.343
12/9/2016,1.3438
12/10/2016,1.342
12/11/2016,1.3423
12/12/2016,1.3352
12/13/2016,1.3339
12/14/2016,1.3304
12/15/2016,1.3624
12/16/2016,1.3688
12/17/2016,1.3704
12/18/2016,1.3704
12/19/2016,1.3764
12/20/2016,1.3792
12/21/2016,1.3803
12/22/2016,1.3859
12/23/2016,1.3935
12/24/2016,1.3906
12/25/2016,1.3906
12/26/2016,1.3894
12/27/2016,1.3914
12/28/2016,1.3918
12/29/2016,1.3854
12/30/2016,1.3828
12/31/2016,1.3873
1/1/2017,1.3873
1/2/2017,1.3918
1/3/2017,1.3827
1/4/2017,1.3758
1/5/2017,1.3638
1/6/2017,1.3696
1/7/2017,1.3703
1/8/2017,1.3693
1/9/2017,1.358
1/10/2017,1.3563
1/11/2017,1.3507
1/12/2017,1.3322
1/13/2017,1.3366
1/14/2017,1.3336
1/15/2017,1.3362
1/16/2017,1.3378
1/17/2017,1.326
1/18/2017,1.3245
1/19/2017,1.3249
1/20/2017,1.3253
1/21/2017,1.3237
1/22/2017,1.3237
1/23/2017,1.322
1/24/2017,1.3186
1/25/2017,1.321
1/26/2017,1.3285
1/27/2017,1.3249
1/28/2017,1.3244
1/29/2017,1.3244
1/30/2017,1.3229
1/31/2017,1.3194
2/1/2017,1.322
2/2/2017,1.3033
2/3/2017,1.3014
2/4/2017,1.3014
2/5/2017,1.3023
2/6/2017,1.3084
2/7/2017,1.3094
2/8/2017,1.3079
2/9/2017,1.3119
2/10/2017,1.3013
2/11/2017,1.3026
2/12/2017,1.3029
2/13/2017,1.3091
2/14/2017,1.3093
2/15/2017,1.2977
2/16/2017,1.2999
2/17/2017,1.3055
2/18/2017,1.3035
2/19/2017,1.3048
2/20/2017,1.3011
2/21/2017,1.3037
2/22/2017,1.3014
2/23/2017,1.2956
2/24/2017,1.3016
2/25/2017,1.3029
2/26/2017,1.3029
2/27/2017,1.3001
2/28/2017,1.3003
3/1/2017,1.3044
3/2/2017,1.3197
3/3/2017,1.3225
3/4/2017,1.3165
3/5/2017,1.3165
3/6/2017,1.3194
3/7/2017,1.3155
3/8/2017,1.3253
3/9/2017,1.3303
3/10/2017,1.3276
3/11/2017,1.326
3/12/2017,1.3258
3/13/2017,1.3189
3/14/2017,1.3215
3/15/2017,1.317
3/16/2017,1.3025
3/17/2017,1.2988
3/18/2017,1.2982
3/19/2017,1.2992
3/20/2017,1.2934
3/21/2017,1.2965
3/22/2017,1.3033
3/23/2017,1.3093
3/24/2017,1.3116
3/25/2017,1.3117
3/26/2017,1.3117
3/27/2017,1.3115
3/28/2017,1.3083
3/29/2017,1.3054
3/30/2017,1.3051
3/31/2017,1.3079
4/2/2017,1.3108
4/3/2017,1.3153
4/4/2017,1.3225
4/5/2017,1.3214
4/6/2017,1.3255
4/7/2017,1.3316
4/8/2017,1.3336
4/9/2017,1.3336
4/10/2017,1.3332
4/11/2017,1.3324
4/12/2017,1.3373
4/13/2017,1.3186
4/14/2017,1.32
4/15/2017,1.3191
4/16/2017,1.3196
4/17/2017,1.3158
4/18/2017,1.3245
4/19/2017,1.3337
4/20/2017,1.3274
4/21/2017,1.326
4/22/2017,1.3256
4/23/2017,1.3256
4/24/2017,1.3231
4/25/2017,1.3279
4/26/2017,1.3409
4/27/2017,1.3408
4/28/2017,1.3369
4/29/2017,1.3353
4/30/2017,1.3353
5/1/2017,1.3284
5/2/2017,1.3292
5/4/2017,1.351
5/5/2017,1.3487
5/6/2017,1.3482
5/7/2017,1.3482
5/8/2017,1.3541
5/9/2017,1.3621
5/10/2017,1.3561
5/11/2017,1.3565
5/12/2017,1.3532
5/13/2017,1.3536
5/14/2017,1.354
5/15/2017,1.348
5/16/2017,1.3459
5/17/2017,1.3468
5/18/2017,1.3454
5/20/2017,1.3409
5/21/2017,1.3413
5/22/2017,1.3377
5/23/2017,1.3363
5/24/2017,1.3392
5/25/2017,1.3388
5/26/2017,1.3434
5/27/2017,1.3426
5/28/2017,1.3426
5/29/2017,1.3435
5/30/2017,1.3398
5/31/2017,1.3448
6/1/2017,1.3547
6/2/2017,1.3447
6/3/2017,1.3439
6/4/2017,1.3439
6/5/2017,1.3359
6/6/2017,1.331
6/7/2017,1.3246
6/8/2017,1.3256
6/9/2017,1.3274
6/10/2017,1.3283
6/11/2017,1.3285
6/12/2017,1.3277
6/13/2017,1.3266
6/14/2017,1.3126
6/15/2017,1.3198
6/16/2017,1.3114
6/17/2017,1.3123
6/18/2017,1.3123
6/19/2017,1.3158
6/20/2017,1.3201
6/21/2017,1.3251
6/22/2017,1.3256
6/23/2017,1.32
6/24/2017,1.3212
6/25/2017,1.3212
6/26/2017,1.3177
6/27/2017,1.3181
6/28/2017,1.3093
6/29/2017,1.3035
6/30/2017,1.3025
7/1/2017,1.3005
7/2/2017,1.3005
7/3/2017,1.3066
7/4/2017,1.3143
7/5/2017,1.3175
7/6/2017,1.3185
7/7/2017,1.3148
7/8/2017,1.3151
7/9/2017,1.3157
7/10/2017,1.3159
7/11/2017,1.3119
7/12/2017,1.3031
7/13/2017,1.2947
7/14/2017,1.2801
7/15/2017,1.2765
7/16/2017,1.2765
7/17/2017,1.2808
7/18/2017,1.2638
7/19/2017,1.2579
7/20/2017,1.2555
7/21/2017,1.2644
7/22/2017,1.2637
7/23/2017,1.2637
7/24/2017,1.2621
7/25/2017,1.258
7/26/2017,1.262
7/27/2017,1.2546
7/28/2017,1.2522
7/29/2017,1.2522
7/30/2017,1.2522
7/31/2017,1.253
8/1/2017,1.2544
8/2/2017,1.2535
8/3/2017,1.2591
8/4/2017,1.2622
8/5/2017,1.2611
8/6/2017,1.2624
8/7/2017,1.2644
8/8/2017,1.2651
8/9/2017,1.2704
8/10/2017,1.2678
8/11/2017,1.2673
8/12/2017,1.2669
8/13/2017,1.2669
8/14/2017,1.2715
8/15/2017,1.279
8/16/2017,1.2683
8/17/2017,1.2637
8/18/2017,1.2598
8/19/2017,1.2615
8/20/2017,1.2613
8/21/2017,1.2599
8/23/2017,1.2675
8/24/2017,1.265
8/25/2017,1.2598
8/26/2017,1.2607
8/27/2017,1.2606
8/28/2017,1.2574
8/29/2017,1.2554
8/30/2017,1.266
8/31/2017,1.2617
9/1/2017,1.2534
9/2/2017,1.2549
9/3/2017,1.2542
9/4/2017,1.258
9/5/2017,1.2509
9/6/2017,1.2489
9/7/2017,1.2451
9/8/2017,1.239
9/9/2017,1.2416
9/10/2017,1.2411
9/11/2017,1.2452
9/12/2017,1.2454
9/13/2017,1.2541
9/14/2017,1.2537
9/15/2017,1.2494
9/16/2017,1.2495
9/17/2017,1.2495
9/18/2017,1.2573
9/19/2017,1.2507
9/20/2017,1.238
9/21/2017,1.2604
9/22/2017,1.2561
9/23/2017,1.2565
9/24/2017,1.2558
9/25/2017,1.2588
9/26/2017,1.2698
9/27/2017,1.2712
9/28/2017,1.2749
9/29/2017,1.2749
10/1/2017,1.2757
10/2/2017,1.2777
10/3/2017,1.2775
10/4/2017,1.273
10/5/2017,1.2818
10/6/2017,1.2875
10/7/2017,1.287
10/8/2017,1.287
10/9/2017,1.2881
10/10/2017,1.2842
10/11/2017,1.2864
10/12/2017,1.2784
10/14/2017,1.2673
10/15/2017,1.2676
10/16/2017,1.2722
10/17/2017,1.2755
10/18/2017,1.2747
10/19/2017,1.2699
10/20/2017,1.2788
10/21/2017,1.279
10/22/2017,1.2793
10/23/2017,1.2812
10/24/2017,1.2857
10/25/2017,1.2993
10/26/2017,1.3021
10/27/2017,1.3056
10/28/2017,1.3021
10/29/2017,1.3021
10/30/2017,1.3025
10/31/2017,1.3061
11/1/2017,1.3031
11/2/2017,1.2959
11/3/2017,1.3084
11/4/2017,1.3071
11/5/2017,1.3071
11/6/2017,1.3031
11/7/2017,1.3101
11/8/2017,1.3028
11/9/2017,1.3046
11/10/2017,1.3061
11/11/2017,1.3052
11/12/2017,1.3052
11/13/2017,1.3118
11/14/2017,1.3107
11/15/2017,1.3197
11/16/2017,1.3176
11/17/2017,1.3229
11/18/2017,1.3218
11/19/2017,1.3216
11/20/2017,1.3244
11/21/2017,1.3182
11/22/2017,1.3178
11/23/2017,1.3112
11/24/2017,1.3122
11/25/2017,1.3131
11/26/2017,1.3131
11/27/2017,1.3147
11/28/2017,1.3126
11/29/2017,1.3205
11/30/2017,1.3201
12/1/2017,1.3111
12/2/2017,1.3141
12/3/2017,1.3138
12/4/2017,1.3162
12/5/2017,1.3154
12/6/2017,1.3221
12/7/2017,1.3286
12/8/2017,1.3319
12/9/2017,1.332
12/11/2017,1.3264
12/12/2017,1.3247
12/13/2017,1.3151
12/14/2017,1.3035
12/15/2017,1.3075
12/16/2017,1.3081
12/17/2017,1.3079
12/18/2017,1.303
12/19/2017,1.3076
12/20/2017,1.3028
12/21/2017,1.2988
12/22/2017,1.2965
12/23/2017,1.2966
12/24/2017,1.2966
12/25/2017,1.2935
12/26/2017,1.2945
12/27/2017,1.2869
12/28/2017,1.2832
12/29/2017,1.28
12/30/2017,1.2818
12/31/2017,1.2809
1/1/2018,1.2806
1/2/2018,1.2779
1/3/2018,1.276
1/4/2018,1.2732
1/5/2018,1.2725
1/6/2018,1.2718
1/7/2018,1.2718
1/8/2018,1.276
1/9/2018,1.2784
1/10/2018,1.2754
1/11/2018,1.2689
1/12/2018,1.2676
1/13/2018,1.2648
1/14/2018,1.2648
1/15/2018,1.2542
1/16/2018,1.2569
1/17/2018,1.2527
1/18/2018,1.2512
1/19/2018,1.2502
1/20/2018,1.2516
1/21/2018,1.2516
1/22/2018,1.2494
1/23/2018,1.2521
1/24/2018,1.2398
1/25/2018,1.2366
1/26/2018,1.2342
1/27/2018,1.2332
1/28/2018,1.2332
1/29/2018,1.2368
1/30/2018,1.2379
1/31/2018,1.2394
2/1/2018,1.2458
2/2/2018,1.2598
2/3/2018,1.2612
2/4/2018,1.2612
2/5/2018,1.2624
2/6/2018,1.2696
2/7/2018,1.2755
2/8/2018,1.2839
2/9/2018,1.28
2/10/2018,1.28
2/11/2018,1.28
2/12/2018,1.2768
2/13/2018,1.2732
2/14/2018,1.2703
2/15/2018,1.2639
2/16/2018,1.2616
2/17/2018,1.2649
2/18/2018,1.2649
2/19/2018,1.2635
2/20/2018,1.2658
2/21/2018,1.277
2/22/2018,1.2737
2/23/2018,1.2778
2/24/2018,1.275
2/25/2018,1.275
2/26/2018,1.2746
2/27/2018,1.2813
2/28/2018,1.2827
3/1/2018,1.2885
3/2/2018,1.2896
3/3/2018,1.2889
